Date,Open,High,Low,Close,Volume
2024-09-03,51.2646,51.745,51.011,51.5624,5317000.0
2024-09-04,51.6393,52.5501,51.3607,52.3944,4919000.0
2024-09-05,52.3675,52.3675,51.3607,52.0351,3414000.0
2024-09-06,52.1984,52.6596,51.6912,51.9928,4937500.0
2024-09-09,52.1023,53.0112,52.1023,52.4155,5491500.0
2024-09-10,52.2926,52.4597,51.5144,52.0274,3206000.0
2024-09-11,52.0274,53.1515,51.3242,53.0804,3407000.0
2024-09-12,53.1784,53.8144,52.8844,53.7029,2504500.0
2024-09-13,54.1257,55.0153,53.995,54.3697,2703000.0
2024-09-16,54.6175,55.1613,54.2044,54.4523,3185500.0
2024-09-17,54.1641,54.4658,53.1399,53.1765,3515000.0
2024-09-18,53.3263,53.7433,52.7922,52.9343,2091500.0
2024-09-19,53.7548,53.7548,52.4828,52.6423,3919000.0
2024-09-20,52.6423,52.9805,52.1158,52.8191,4168000.0
2024-09-23,52.9862,53.6318,52.4367,53.1957,4177000.0
2024-09-24,53.1957,53.58,52.7537,53.334,3096500.0
2024-09-25,53.5146,54.0565,53.1438,53.9662,3126500.0
2024-09-26,54.2256,54.8366,53.9873,54.8155,3830500.0
2024-09-27,55.1901,55.6936,54.9769,54.9807,3567500.0
2024-09-30,55.1383,56.0145,55.1383,55.9011,4362000.0
2024-10-01,55.7512,57.0347,55.4495,56.71,7800500.0
2024-10-02,56.71,57.3287,56.4929,57.273,5482000.0
2024-10-03,56.7446,57.2557,55.6532,56.0779,7218000.0
2024-10-04,56.5121,57.1635,56.2393,56.6774,3859000.0
2024-10-07,56.4814,56.6889,55.9645,56.4641,3646000.0
2024-10-08,56.4641,58.4432,56.3642,58.3548,4827000.0
2024-10-09,58.3298,58.7948,57.3556,57.8283,5552000.0
2024-10-10,57.6996,57.8763,56.8407,57.1327,4080500.0
2024-10-11,57.5017,58.424,57.2423,58.2914,2661000.0
2024-10-14,58.3317,58.8697,57.9359,58.3625,2892000.0
2024-10-15,58.1377,59.1118,57.7322,57.8014,4017000.0
2024-10-16,57.5804,58.3721,57.396,58.1819,4018500.0
2024-10-17,58.5316,58.5469,57.2922,57.321,3849000.0
2024-10-18,57.5478,57.6611,57.1251,57.1865,4117000.0
2024-10-21,57.1289,57.3518,56.1701,56.6063,6194500.0
2024-10-22,56.1105,56.2373,55.463,55.9991,4650500.0
2024-10-23,55.8165,56.4084,55.6206,56.124,5576000.0
2024-10-24,54.4773,55.2689,52.5443,52.7038,11095000.0
2024-10-25,53.4762,53.6049,52.1715,52.4117,4129000.0
2024-10-28,52.9055,52.9055,51.8122,51.8775,4394500.0
2024-10-29,51.5125,52.502,51.3395,51.6489,5293000.0
2024-10-30,51.4029,52.1196,51.2953,51.4836,5507000.0
2024-10-31,51.2896,51.743,50.9783,51.0167,5783000.0
2024-11-01,51.2934,52.0927,51.1897,51.2204,5469500.0
2024-11-04,51.5221,52.7134,51.1781,51.9486,4962000.0
2024-11-05,51.9851,53.1438,51.9851,53.0727,5259500.0
2024-11-06,53.2341,55.5956,53.2341,55.5206,12038500.0
2024-11-07,55.805,56.2527,55.1094,55.586,6264500.0
2024-11-08,55.9126,56.5294,55.2939,55.4457,6009500.0
2024-11-11,55.5533,55.5533,53.7798,54.1026,4271500.0
2024-11-12,54.0084,54.3389,53.5684,53.6453,4191000.0
2024-11-13,53.5492,53.8778,53.2264,53.5607,2853000.0
2024-11-14,53.6607,54.2102,53.1611,53.2399,3558000.0
2024-11-15,53.0708,53.6318,52.7653,52.967,4994000.0
2024-11-18,52.7499,53.3955,52.6211,53.1899,3266500.0
2024-11-19,52.8152,53.1265,52.2849,52.4271,5137500.0
2024-11-20,52.0716,52.2253,51.4663,51.8795,4822000.0
2024-11-21,52.3502,52.8479,51.9832,52.577,4316500.0
2024-11-22,52.7364,54.4696,52.7364,54.1295,4001500.0
2024-11-25,54.8934,55.5917,54.7256,55.1673,8781000.0
2024-11-26,54.9416,55.3698,54.0022,54.0485,3936500.0
2024-11-27,54.2761,55.3139,54.2394,54.3899,3653500.0
2024-11-29,54.7969,55.3583,54.5037,54.7198,3819500.0
2024-12-02,54.7738,56.0951,54.1025,55.9929,5956000.0
2024-12-03,55.6052,55.854,54.5577,54.9725,6112500.0
2024-12-04,54.9763,55.4991,54.5307,55.1422,4920500.0
2024-12-05,55.3197,55.9042,53.7726,54.4883,5766000.0
2024-12-06,55.0882,55.5878,54.361,54.4864,5348000.0
2024-12-09,54.4864,54.9551,53.8151,54.7313,7367000.0
2024-12-10,54.7834,55.5743,54.4709,54.9204,3844000.0
2024-12-11,55.1924,55.7267,54.9358,55.0708,4081000.0
2024-12-12,55.0458,55.4142,54.5867,55.0284,3603000.0
2024-12-13,55.2155,55.4026,54.7256,55.0631,3838000.0
2024-12-16,55.3043,55.4335,53.3039,53.3405,5853500.0
2024-12-17,53.4447,53.6723,52.675,53.0878,6116000.0
2024-12-18,53.2325,53.2325,51.1396,51.155,7128000.0
2024-12-19,51.1241,51.4675,50.6129,50.9312,7494000.0
2024-12-20,50.7904,52.4976,50.7904,52.0057,10938900.0
2024-12-23,51.4366,52.0057,50.8676,51.7838,5348600.0
2024-12-24,51.7838,52.5651,51.427,52.5554,2000600.0
2024-12-26,52.6519,53.6164,52.0346,53.5199,3416500.0
2024-12-27,53.1245,53.5971,52.3432,52.623,3466600.0
2024-12-30,52.0828,52.16,50.694,50.7229,3997200.0
2024-12-31,50.7325,51.7356,50.5879,51.1762,4204800.0
2025-01-02,51.2341,51.7356,50.1249,50.5203,4838600.0
2025-01-03,50.5782,50.8193,49.4594,50.0863,6346100.0
2025-01-06,50.4914,51.8899,50.0863,51.7453,6099000.0
2025-01-07,51.9767,52.2854,51.3884,51.9574,3537100.0
2025-01-08,51.9382,52.5651,51.5524,52.459,4148400.0
2025-01-10,52.3143,53.8189,52.2371,52.6519,6356700.0
2025-01-13,52.0828,52.7194,51.7453,52.6326,4980400.0
2025-01-14,52.7194,52.8834,51.1569,51.2919,3845400.0
2025-01-15,52.0346,52.4879,50.9351,51.2148,4975400.0
2025-01-16,51.0412,51.8224,50.7615,51.6295,4715300.0
2025-01-17,52.1793,52.7773,51.6102,51.7549,5583000.0
2025-01-21,52.1793,55.0342,52.1021,54.8606,7910500.0
2025-01-22,54.8124,56.0566,54.6966,55.4296,4867200.0
2025-01-23,55.4586,56.2495,55.2271,55.3428,5468100.0
2025-01-24,55.3814,55.9601,55.2078,55.8829,3384300.0
2025-01-27,55.3718,56.6353,55.3428,55.8733,4213600.0
2025-01-28,55.6032,56.8667,55.3235,55.3428,4134900.0
2025-01-29,55.2078,56.3363,54.9184,55.1306,6908800.0
2025-01-30,52.1214,53.4621,51.6006,52.3625,9205400.0
2025-01-31,52.5844,52.9509,51.4173,52.43,9309300.0
2025-02-03,51.6006,53.2595,51.4945,52.6422,6833900.0
2025-02-04,52.7098,52.9412,51.8321,52.1214,6172500.0
2025-02-05,52.3722,52.3722,51.562,51.7067,4063600.0
2025-02-06,51.7067,51.8514,50.8869,51.1762,7711000.0
2025-02-07,51.2823,51.4945,50.6361,51.0701,6337900.0
2025-02-10,51.263,52.6712,51.1666,52.4976,4881800.0
2025-02-11,52.3915,53.1052,51.9767,53.0184,5753000.0
2025-02-12,52.4976,53.9443,52.1504,53.8864,4078900.0
2025-02-13,54.0118,55.0149,53.7996,54.9667,7402400.0
2025-02-14,55.1789,55.3332,54.5809,55.1114,4901300.0
2025-02-18,55.3621,55.7093,54.6291,55.6708,4424500.0
2025-02-19,55.4489,55.9987,54.4169,55.8058,4111700.0
2025-02-20,55.8733,55.9312,55.1982,55.6901,2643200.0
2025-02-21,55.7286,55.8926,54.1083,54.3687,4037300.0
2025-02-24,54.3976,54.5519,53.356,54.0697,6781900.0
2025-02-25,54.0697,55.6033,53.7803,54.986,5910600.0
2025-02-26,55.1797,55.5186,53.1847,53.3978,4009000.0
2025-02-27,53.2138,53.7755,52.8361,52.9911,3184100.0
2025-02-28,53.2041,53.7755,52.594,53.6012,5014400.0
2025-03-03,53.6496,54.2112,52.8942,53.1654,4846300.0
2025-03-04,53.0492,54.2984,52.5553,53.359,5203100.0
2025-03-05,53.1751,53.4172,52.4391,53.2138,4735500.0
2025-03-06,52.8652,53.146,52.381,52.8652,4877800.0
2025-03-07,52.6521,55.3152,52.41,55.0925,6108600.0
2025-03-10,55.1796,57.8428,54.9666,55.4024,7456100.0
2025-03-11,54.9182,55.4024,52.1389,52.2163,8280500.0
2025-03-12,51.7612,52.1582,50.6863,50.7056,4248700.0
2025-03-13,50.5701,51.1414,49.96,50.0277,4827900.0
2025-03-14,50.6766,50.754,49.8631,50.1924,4445300.0
2025-03-17,50.5797,51.7806,50.2408,51.4513,7407800.0
2025-03-18,51.1705,51.1898,50.6088,50.9865,2649500.0
2025-03-19,51.306,51.4126,50.3086,51.1317,3503700.0
2025-03-20,50.9187,51.4222,50.1536,50.2021,3084800.0
2025-03-21,50.0181,50.8799,49.4951,50.8025,6332700.0
2025-03-24,51.306,51.9355,51.1124,51.8387,3391300.0
2025-03-25,51.6934,52.0227,50.8509,51.1608,3243400.0
2025-03-26,51.2479,52.3616,51.1898,52.1679,2454500.0
2025-03-27,52.2066,52.962,51.8096,52.4487,4651400.0
2025-03-28,52.3713,52.4972,51.6353,51.7806,3599700.0
2025-03-31,51.8483,53.6689,51.7806,53.359,7950200.0
2025-04-01,53.1557,53.6883,52.8071,53.3881,4992100.0
2025-04-02,52.8361,54.1822,52.5359,53.8626,3245900.0
2025-04-03,53.882,54.4146,52.8942,54.0079,7008400.0
2025-04-04,51.8193,54.0369,50.6378,50.7444,7533400.0
2025-04-07,48.5848,50.6475,47.2775,47.7907,9293400.0
2025-04-08,49.0303,49.2337,45.9217,46.5028,8787900.0
2025-04-09,45.7764,50.0665,45.4859,49.7566,7510200.0
2025-04-10,49.3499,50.4054,48.4686,49.6985,5802900.0
2025-04-11,49.6501,50.2117,48.1297,50.0374,4341700.0
2025-04-14,50.6378,51.0543,49.9406,50.5216,3863700.0
2025-04-15,50.6185,50.6185,49.2143,49.3886,4318500.0
2025-04-16,49.3886,49.4661,47.6842,47.8004,4745100.0
2025-04-17,48.0425,48.9044,47.9263,48.5751,4481900.0
2025-04-21,48.6042,48.7398,47.3549,48.0231,5128300.0
2025-04-22,48.2652,49.4951,48.2652,48.6913,5938100.0
2025-04-23,50.0471,50.5023,48.856,49.1271,6627800.0
2025-04-24,46.5802,47.568,45.3697,47.4518,12588000.0
2025-04-25,47.6552,48.5461,47.4034,48.3427,6949000.0
2025-04-28,48.3427,48.7301,46.7255,47.4518,6417600.0
2025-04-29,47.0838,48.3621,46.8804,48.2943,3468600.0
2025-04-30,48.0328,49.2724,47.7907,49.0206,10114500.0
2025-05-01,48.3621,49.0303,47.6261,48.7591,5554500.0
2025-05-02,49.3014,49.9019,48.7979,49.2337,6274500.0
2025-05-05,49.2143,49.9406,48.9528,49.621,4759200.0
2025-05-06,49.3983,49.592,49.0593,49.408,3519100.0
2025-05-07,49.6694,49.8922,48.8269,49.3499,4106800.0
2025-05-08,49.5629,50.3086,49.253,49.7953,4164200.0
2025-05-09,49.8244,50.0181,48.9431,49.6791,3590100.0
2025-05-12,50.8121,51.5288,50.4054,51.0542,6582100.0
2025-05-13,50.9671,51.2092,50.0471,50.6572,9814500.0
2025-05-14,50.541,50.6572,49.6985,49.7566,6486500.0
2025-05-15,49.7566,50.5313,49.4176,50.5216,5637700.0
2025-05-16,50.5216,51.461,50.2892,51.3157,5247100.0
2025-05-19,50.8896,51.5094,50.5991,51.2382,4766100.0
2025-05-20,51.0833,51.3641,49.7663,49.9696,4914000.0
2025-05-21,49.5339,49.5339,48.3621,48.4589,5460800.0
2025-05-22,48.4686,48.5461,47.3646,48.1006,4831000.0
2025-05-23,47.6552,48.4008,47.5583,48.1297,3690100.0
2025-05-27,48.5558,49.2046,48.333,48.7882,6118200.0
2025-05-28,48.7687,48.9536,47.6013,47.7278,5199500.0
2025-05-29,47.8543,48.438,47.2024,47.6402,5663800.0
2025-05-30,47.6694,47.9224,46.9398,47.0857,7785200.0
2025-06-02,46.7355,46.7744,45.9572,46.5604,6610800.0
2025-06-03,46.6285,47.8834,46.5506,47.7181,7440800.0
2025-06-04,47.9126,48.8563,47.7472,48.0002,7022200.0
2025-06-05,48.0196,50.6171,48.0196,50.0529,10694300.0
2025-06-06,50.3642,50.5685,49.2357,49.5567,6995100.0
2025-06-09,49.5665,49.6832,48.8368,49.1384,4970100.0
2025-06-10,49.2649,50.121,49.1287,50.0821,5136600.0
2025-06-11,50.1502,50.4907,49.4984,49.9167,4278900.0
2025-06-12,49.8194,50.6755,49.6054,50.335,4552000.0
2025-06-13,50.0821,50.4809,49.7027,50.1404,3688300.0
2025-06-16,50.695,50.7339,49.9945,50.2864,4224000.0
2025-06-17,49.9167,50.6366,49.2843,49.5956,4923700.0
2025-06-18,49.7027,50.9576,49.6248,50.6171,4237600.0
2025-06-20,50.9479,51.2495,50.4712,51.0938,5733400.0
2025-06-23,51.2398,52.2807,51.0646,52.2029,4457500.0
2025-06-24,51.016,52.164,50.7825,52.0569,10189600.0
2025-06-25,51.9499,51.9597,51.0063,51.3662,7495900.0
2025-06-26,51.5608,51.59,50.1696,50.4323,5582100.0
2025-06-27,50.5879,51.0841,49.9459,50.3058,9816900.0
2025-06-30,50.3156,51.4635,49.8875,51.337,5371700.0
2025-07-01,51.0355,53.0979,50.8312,52.6115,7108300.0
2025-07-02,52.6893,53.9443,52.5434,53.6427,6040000.0
2025-07-03,53.6427,53.6427,52.7087,53.1465,2938400.0
2025-07-07,53.166,55.3549,53.1563,55.2187,8825400.0
2025-07-08,55.0241,55.316,53.954,55.2284,5314600.0
2025-07-09,55.2965,55.7635,54.8101,55.6565,4659800.0
2025-07-10,55.4716,56.4834,55.2673,55.8802,5024100.0
2025-07-11,55.5105,55.7538,55.1603,55.2479,5881100.0
2025-07-14,55.0144,56.4931,54.9171,56.4639,4502300.0
2025-07-15,56.4542,56.7752,54.7906,54.8101,7496300.0
2025-07-16,55.1214,55.1311,53.2049,54.5182,6088800.0
2025-07-17,54.5766,55.4035,54.5766,55.2868,3863900.0
2025-07-18,55.5397,55.5689,54.4599,55.0436,4284600.0
2025-07-21,55.3062,56.3861,55.2965,55.851,4681500.0
2025-07-22,55.7927,57.5438,55.6176,57.3784,4773800.0
2025-07-23,57.6411,58.7988,56.8239,58.001,10420300.0
2025-07-24,62.2232,62.2524,56.4056,57.7286,15356100.0
2025-07-25,57.9427,58.1956,56.9309,57.7189,7589200.0
2025-07-28,57.3979,57.6411,56.211,56.532,7983200.0
2025-07-29,56.532,57.5827,56.3569,56.999,6466900.0
2025-07-30,57.1449,57.1449,55.9386,56.2596,4556400.0
2025-07-31,55.8705,56.5904,55.1895,55.4035,4179200.0
2025-08-01,55.4716,56.104,53.9832,56.0651,5505300.0
2025-08-04,56.0651,57.9135,55.9191,57.8843,5391300.0
2025-08-05,57.894,58.4291,57.6119,58.147,3357400.0
2025-08-06,58.0983,58.7696,57.5438,58.6139,3831500.0
2025-08-07,58.8571,59.149,57.8746,58.3902,2961500.0
2025-08-08,58.3999,58.5361,57.5632,57.6508,3277600.0
2025-08-11,57.7578,58.2929,57.2519,57.9135,4850000.0
2025-08-12,57.8454,58.5458,57.3006,57.6897,4822200.0
2025-08-13,57.8356,58.3123,57.4562,58.108,5140700.0
2025-08-14,57.2909,58.2637,56.9309,58.0691,3984200.0
2025-08-15,58.2053,58.9058,58.1664,58.8474,3901500.0
2025-08-18,59.0031,60.0537,59.0031,59.4408,5652900.0
2025-08-19,59.577,60.9488,59.577,60.5888,4393100.0
2025-08-20,60.6082,60.6082,59.2949,59.3727,3477500.0
2025-08-21,59.149,59.6159,58.8571,59.3436,2627500.0
2025-08-22,59.684,60.0148,59.3533,59.937,3230200.0
2025-08-25,60.0151,60.7475,59.5757,60.0737,3261800.0
2025-08-26,60.0835,60.4155,59.6831,60.2397,4276400.0
2025-08-27,60.3959,61.4115,60.3471,60.9135,3587600.0
2025-08-28,60.8354,61.265,60.1909,61.1771,3708300.0
2025-08-29,61.1771,61.392,60.1811,60.3081,5217400.0
2025-09-02,60.2592,60.7963,59.9077,60.0737,3230500.0
2025-09-03,59.8686,60.103,58.5797,58.7261,6107600.0
2025-09-04,58.941,59.3999,58.7554,59.2144,4677100.0
2025-09-05,59.3511,59.439,58.648,59.0972,3211800.0
2025-09-08,58.941,59.0386,57.7301,58.6773,5475400.0
2025-09-09,58.3941,58.5504,57.4372,57.6911,3722000.0
2025-09-10,57.3591,57.7594,56.8806,57.0759,3129300.0
2025-09-11,57.1638,58.8433,57.0954,58.609,3798700.0
2025-09-12,58.2965,59.2242,58.1793,59.1851,4395300.0
2025-09-15,59.107,59.4292,58.15,58.2086,6271000.0
2025-09-16,58.15,58.4234,57.1052,57.6032,5254500.0
2025-09-17,57.7985,58.5992,57.5055,57.7106,3551300.0
2025-09-18,58.2086,58.9507,57.9059,58.4625,4153800.0
2025-09-19,58.6285,58.7359,57.652,58.2574,6769900.0
2025-09-22,58.0914,58.2379,56.7439,56.7732,4335700.0
2025-09-23,56.9392,57.3005,56.695,57.1833,3024500.0
2025-09-24,56.8806,56.9099,55.8748,56.0017,4808900.0
2025-09-25,55.7576,55.8553,54.9081,55.0936,4254600.0
2025-09-26,55.1717,55.4744,54.8592,55.1912,2999500.0
2025-09-29,55.328,55.4549,54.6639,55.3572,3572000.0
2025-09-30,55.3572,55.7381,54.7128,55.533,5084400.0
2025-10-01,55.5818,56.1384,54.5761,54.6054,5747500.0
2025-10-02,54.4003,55.162,54.2148,54.9081,3875400.0
2025-10-03,54.7811,54.9569,54.1269,54.5175,3016000.0
2025-10-06,54.4979,54.7421,53.375,53.4043,3802300.0
2025-10-07,53.3066,53.4922,52.0079,52.4473,4918800.0
2025-10-08,52.4278,53.0723,52.0177,52.6524,4646400.0
2025-10-09,54.039,54.8299,52.4473,52.9453,6383400.0
2025-10-10,53.1797,53.4433,52.2422,52.9649,6006900.0
2025-10-13,53.0918,53.9706,53.0234,53.6191,5175600.0
2025-10-14,53.3554,54.4101,53.1699,54.1757,3767400.0
2025-10-15,54.2343,55.2498,54.1952,54.4979,6635500.0
2025-10-16,54.6835,54.8104,53.5996,53.8632,3952700.0
2025-10-17,54.0878,54.3026,53.6093,53.9023,3386300.0
2025-10-20,54.1562,54.2929,53.3652,53.9902,4503200.0
2025-10-21,53.707,54.2538,53.3554,53.4824,4686200.0
2025-10-22,53.4531,53.9023,53.1797,53.541,5468800.0
2025-10-23,51.9493,56.8415,51.9005,55.0252,14800100.0
2025-10-24,56.1482,56.8318,54.6737,54.9569,6354300.0
2025-10-27,54.9471,55.2108,54.4393,55.0448,4952800.0
2025-10-28,54.6542,54.8495,54.039,54.1855,4042500.0
2025-10-29,53.8828,53.9804,52.711,52.9649,4040900.0
2025-10-30,52.9453,53.6386,52.2618,52.8477,4235000.0
2025-10-31,52.6524,52.9844,52.1837,52.8379,3834800.0
2025-11-03,52.9356,52.9356,50.6799,51.256,7643300.0
2025-11-04,51.256,52.0177,50.8459,51.8028,4674300.0
2025-11-05,51.9591,53.082,51.8712,52.6524,5992600.0
2025-11-06,52.1153,52.4571,51.6368,51.8516,4611900.0
2025-11-07,51.9688,53.0234,51.9005,52.9941,3585800.0
2025-11-10,52.9355,54.6444,52.6524,54.1562,6493100.0
2025-11-11,54.1366,55.6014,54.1366,54.6249,7143000.0
2025-11-12,54.5663,54.8006,53.6386,54.6639,4601900.0
2025-11-13,54.5956,55.6014,54.4882,54.8592,4264400.0
2025-11-14,54.6737,55.0448,54.0487,54.1171,4955300.0
2025-11-17,53.9316,54.4393,52.1153,52.418,5655200.0
2025-11-18,51.6075,52.5938,50.797,52.2715,7977400.0
2025-11-19,52.3008,52.5157,50.8654,51.3048,5590200.0
2025-11-20,51.3341,52.1153,51.0216,51.4025,4282900.0
2025-11-21,51.422,52.7012,51.2072,51.6759,5548400.0
2025-11-24,52.5389,53.0489,51.568,52.0093,16174200.0
2025-11-25,52.0878,53.8237,51.9897,53.3726,5930500.0
2025-11-26,53.2255,53.9708,53.1568,53.5785,3594900.0
2025-11-28,53.6178,53.8041,53.098,53.7257,2111700.0
2025-12-01,53.3235,53.8826,52.4899,52.6272,5810100.0
2025-12-02,52.7743,52.7743,51.9407,52.1957,4434100.0
2025-12-03,52.5488,53.7649,52.4605,53.0293,5625100.0
2025-12-04,53.1176,53.5295,52.4016,53.3334,5061600.0
2025-12-05,53.402,53.5491,52.9214,53.0391,3634900.0
2025-12-08,52.9705,53.147,52.2153,52.3134,5690900.0
2025-12-09,52.1564,52.7547,51.2542,51.3424,5130800.0
2025-12-10,51.5288,52.127,51.3915,51.8426,6028400.0
2025-12-11,51.7445,52.6959,50.5578,50.8128,5803600.0
2025-12-12,51.1463,51.3719,50.8128,50.9697,4515100.0
2025-12-15,51.1463,51.9799,50.9109,51.9113,5097200.0
2025-12-16,51.9995,52.1172,51.2934,51.6268,3952000.0
2025-12-17,51.5778,52.6076,51.519,52.4605,5481900.0
2025-12-18,52.4311,52.6076,51.0972,51.3228,6025500.0
2025-12-19,51.1561,51.2542,50.1557,50.4107,8307700.0
2025-12-22,50.1753,50.803,50.1655,50.7246,3529200.0
2025-12-23,50.754,50.8422,49.5378,50.0969,4502100.0
2025-12-24,50.0184,50.6853,50.0184,50.6559,1697400.0
2025-12-26,50.6951,50.8717,50.244,50.4009,3161500.0
2025-12-29,50.4696,50.6167,49.5182,49.8321,5349500.0
2025-12-30,49.6457,49.7634,49.273,49.3907,4752000.0
2025-12-31,49.3417,49.5084,48.8905,49.0475,4267700.0
2026-01-02,49.0082,49.9694,48.763,49.8517,5495800.0
2026-01-05,49.43,49.8713,48.6748,48.8709,13699600.0
2026-01-06,48.6061,49.6751,48.3904,49.3417,7469200.0
2026-01-07,49.6261,50.038,48.9004,48.9298,11884700.0
2026-01-08,48.4688,51.058,48.3904,50.4107,8195300.0
2026-01-09,50.4892,51.1365,49.9988,50.5186,8855700.0
2026-01-12,50.3126,50.6069,49.3711,49.7046,5979400.0
2026-01-13,49.8615,50.8128,49.8419,50.7638,6177500.0
2026-01-14,50.6755,50.9795,49.8713,50.1753,4816200.0
2026-01-15,50.1851,50.4794,49.4692,49.7536,4793500.0
2026-01-16,49.4005,50.2342,49.2142,50.0282,5365900.0
2026-01-20,49.8419,50.6559,49.3613,49.989,7513800.0
2026-01-21,50.6853,52.5193,50.6657,52.1466,10088600.0
2026-01-22,52.4997,53.5883,52.1466,52.3722,9704500.0
2026-01-23,52.4801,53.9414,52.4801,53.6374,9863500.0
2026-01-26,54.1866,55.1968,54.0297,54.4906,10026200.0
2026-01-27,54.6672,54.7947,54.0689,54.6574,5270100.0
2026-01-28,54.8143,54.9712,54.0199,54.0787,9151500.0
2026-01-29,51.8818,52.382,49.3221,49.9792,20671900.0
2026-01-30,50.4009,50.9501,48.9592,49.9007,18692000.0
2026-02-02,49.9007,52.0388,49.5869,51.9603,9925400.0
2026-02-03,51.7641,53.1568,51.4307,52.4409,6672800.0
2026-02-04,52.4605,55.0399,52.4605,54.216,7649800.0
2026-02-05,54.0983,54.1964,53.1862,53.4314,5782900.0
2026-02-06,52.9018,54.5887,52.7841,54.5397,6242800.0
2026-02-09,53.8335,54.1474,52.6076,52.7449,6093000.0
2026-02-10,52.7743,53.2157,52.2153,53.0097,4260600.0
2026-02-11,53.0097,53.6374,52.4114,53.4805,4436100.0
2026-02-12,53.5099,55.1085,53.1666,53.3628,5848300.0
2026-02-13,53.3137,54.5103,52.9803,53.9708,4380100.0
2026-02-17,53.3824,53.8728,50.7834,51.6759,8669000.0
2026-02-18,51.4993,51.8132,50.754,51.5288,4425400.0
2026-02-19,51.5288,51.774,50.5676,50.9599,3457300.0
2026-02-20,50.9697,52.1466,50.7932,51.9407,4654100.0
2026-02-23,51.9015,53.2353,51.5582,52.8528,6245100.0
2026-02-24,52.9119,53.7,52.3602,52.4784,5481300.0
2026-02-25,52.1829,52.4095,50.9318,51.0007,4843200.0
2026-02-26,51.2372,51.5918,50.321,50.4195,6145100.0
2026-02-27,50.1437,51.2864,49.6018,51.0697,8176200.0
2026-03-02,50.9909,51.9366,50.3702,51.5031,7839300.0
2026-03-03,50.6264,51.1583,49.8875,50.8332,4628400.0
2026-03-04,50.8135,51.1978,49.8383,49.8383,6675300.0
2026-03-05,49.2669,50.0057,48.6856,49.7594,7398800.0
2026-03-06,49.5526,49.7988,48.8531,49.4146,4929700.0
2026-03-09,49.2472,50.3407,48.725,49.9171,8927300.0
2026-03-10,49.523,50.449,49.2866,49.592,5806500.0
2026-03-11,49.5132,49.9269,48.4295,48.7349,4776500.0
2026-03-12,48.6068,48.7152,47.336,47.3853,6196300.0
2026-03-13,47.6118,47.9468,46.3509,46.538,4488200.0
2026-03-16,47.1094,48.4295,47.1094,48.0551,6013600.0
2026-03-17,48.134,48.331,46.7646,46.8434,4823400.0
2026-03-18,46.3312,46.6957,45.2475,45.2672,5423300.0
2026-03-19,45.0406,45.6514,44.7943,45.4938,4861700.0
2026-03-20,45.415,45.681,44.7746,45.0899,5886300.0
2026-03-23,45.9075,45.9568,44.9323,44.9914,5776500.0
2026-03-24,44.6466,45.3756,43.7796,44.814,6096500.0
2026-03-25,45.5529,45.9272,44.5185,45.2771,3941400.0
2026-03-26,45.2278,45.8681,45.0209,45.2081,4049700.0
2026-03-27,45.0702,45.4938,44.1244,44.2033,9052700.0
2026-03-30,44.8436,45.1687,44.4594,44.7352,4639600.0
2026-03-31,45.1391,45.7105,44.0752,44.6269,8226800.0
2026-04-01,44.6958,44.8534,43.6713,43.8683,6109000.0
2026-04-02,43.494,43.691,42.7058,43.1689,7551500.0
2026-04-06,42.9718,44.7746,42.9029,44.7155,4951300.0
2026-04-07,43.8683,44.154,42.5876,42.9915,5134100.0
2026-04-08,43.7599,44.8929,43.622,44.6072,6177000.0
2026-04-09,44.2722,45.1982,43.7895,44.9618,4144000.0
2026-04-10,44.9224,45.0899,44.2033,44.3609,4689800.0
2026-04-13,44.4594,44.8042,43.6713,44.7648,6891200.0
2026-04-14,44.5875,45.3165,44.3116,44.351,5132900.0
2026-04-15,44.2131,44.814,43.7402,44.085,6796600.0
2026-04-16,44.085,44.5875,43.622,43.9668,8463300.0
2026-04-17,44.0358,44.7451,43.9964,44.3412,8807900.0
2026-04-20,44.3313,44.5382,43.5235,44.1441,10431300.0
2026-04-21,41.967,42.2625,38.3417,38.982,25916400.0
2026-04-22,39.1101,39.5435,37.7309,38.3811,14161200.0
2026-04-23,38.4008,38.4008,37.4747,37.6028,11360600.0
2026-04-24,37.1989,37.3861,36.0561,36.1941,13836000.0
2026-04-27,36.2729,36.4206,34.9823,35.14,13116000.0
2026-04-28,35.4946,35.8394,34.7361,35.0611,9747100.0
2026-04-29,34.5292,34.7853,33.8593,34.2533,10937100.0
2026-04-30,34.2533,34.6868,33.8987,34.5784,11497300.0
2026-05-01,34.5981,34.7459,33.15,33.3273,14353200.0
2026-05-04,33.1007,33.4652,31.7806,31.8299,18147700.0
2026-05-05,31.5737,32.6377,31.5048,32.1944,20026700.0
2026-05-06,32.7165,32.8741,31.623,32.0466,16916600.0
2026-05-07,32.1156,32.4111,30.9334,31.2684,14934300.0
2026-05-08,31.0122,31.554,30.1256,30.1946,17658400.0
2026-05-11,30.096,30.431,29.7217,29.8005,12410300.0
2026-05-12,30.2143,30.6083,29.8005,30.1354,17433000.0
2026-05-13,29.9286,30.0763,28.9828,29.4064,10861900.0
2026-05-14,29.8498,30.3423,29.6133,30.0369,10245300.0
2026-05-15,30.2044,30.3325,29.633,30.1157,9488800.0
2026-05-18,30.2734,31.3866,30.234,31.2487,13019300.0
2026-05-19,31.2388,31.426,30.3719,30.6773,10917300.0
2026-05-20,30.4999,31.4851,30.1256,31.2191,9785900.0
2026-05-21,30.9137,31.3373,30.4507,31.1994,8828000.0
2026-05-22,31.1206,31.3964,30.894,31.1501,7565900.0
2026-05-26,30.9334,31.1304,29.2291,29.3572,19213700.0
2026-05-27,29.5558,30.5092,29.5558,30.4596,18797900.0
2026-05-28,30.4695,31.2044,30.0027,31.1548,12127000.0
2026-05-29,30.688,31.4527,30.3503,31.3137,17956900.0
2026-06-01,31.0654,31.5719,30.8072,31.562,11898600.0
2026-06-02,31.1647,31.3633,29.7544,29.8041,16898300.0
2026-06-03,29.6154,29.7246,28.1654,28.9401,22578900.0
2026-06-04,29.6452,29.9531,28.95,29.1685,10236100.0
2026-06-05,29.7147,30.0027,29.2579,29.5757,8602900.0
2026-06-08,29.1586,30.5192,28.9997,29.9332,10488200.0
2026-06-09,30.0921,30.2907,29.6452,29.7544,10493400.0
2026-06-10,29.7644,30.6483,29.6651,30.5589,10587500.0
2026-06-11,30.4695,31.0952,30.1716,31.0455,14523500.0
2026-06-12,31.0654,31.2342,30.7079,31.0356,11955300.0
2026-06-15,31.0654,31.2938,30.2907,30.6681,13746400.0
2026-06-16,30.2907,30.4794,29.387,30.0027,13362500.0
2026-06-17,29.8935,30.5986,29.3969,29.5459,11079200.0
2026-06-18,29.5955,30.3007,29.5062,30.0325,24880700.0
2026-06-22,29.963,30.1616,29.2181,29.6055,14393200.0
2026-06-23,29.8935,30.112,29.2579,29.4764,12078800.0
2026-06-24,29.4664,30.102,29.4068,29.8538,12774800.0
2026-06-25,29.6551,31.1945,29.6551,30.539,14113600.0
2026-06-26,30.539,31.5322,30.4695,30.9959,36561000.0
2026-06-29,30.9959,31.5222,30.7277,30.9859,11516800.0
2026-06-30,31.0058,31.552,30.7774,31.3931,9009100.0
2026-07-01,31.8003,32.2671,31.5024,32.0387,8870300.0
2026-07-02,32.2572,32.4161,31.2342,31.5421,9342100.0
2026-07-06,31.2044,31.4825,29.7445,30.0127,8863800.0
2026-07-07,30.7674,30.9859,30.1914,30.2212,6683800.0
2026-07-08,30.1616,30.3503,29.1486,29.377,7629800.0
2026-07-09,28.7712,30.0822,28.7315,29.9133,8602600.0
2026-07-10,30.0921,30.3106,29.8836,30.2212,5159700.0
2026-07-13,30.2113,30.6681,29.7743,30.0325,6975300.0
2026-07-14,29.9829,30.4,29.5459,30.3404,8733900.0
2026-07-15,29.9233,31.125,29.9233,29.963,7443100.0
2026-07-16,30.2808,31.0852,30.1716,30.7972,13726300.0
2026-07-17,31.0952,31.6911,30.1318,30.3007,9728700.0
2026-07-20,30.4496,30.5787,29.9233,30.0921,7136700.0
2026-07-21,29.8538,30.0127,29.1784,29.4366,9185900.0
2026-07-22,29.6949,30.0623,29.1089,29.1586,11812100.0
2026-07-23,29.7942,30.2808,28.7613,30.112,26348000.0
2026-07-24,30.2609,30.8469,29.4863,30.8072,12027900.0
2026-07-27,31.4726,32.0089,30.8668,31.5818,12914800.0
2026-07-28,31.7904,32.1777,31.2144,31.2441,9788500.0
2026-07-29,31.1647,31.5322,30.5688,30.7873,9760600.0
2026-07-30,30.1716,30.2907,29.2579,30.0027,8282700.0
2026-07-31,29.963,30.5787,29.7644,30.5589,10823400.0
2026-08-03,31.2342,31.9493,31.2342,31.8897,10648600.0
2026-08-04,31.4825,32.9325,31.4626,32.8928,10252200.0
2026-08-05,33.1708,33.2702,32.7736,33.1808,11506400.0
2026-08-06,33.6575,34.1342,33.1808,33.8561,12529800.0
2026-08-07,33.7171,34.3527,33.1311,34.3229,12477100.0
2026-08-10,34.0845,34.6308,33.5383,34.3825,20045300.0
2026-08-11,34.1938,36.1602,34.1739,35.0479,22090900.0
2026-08-12,34.9088,36.4184,34.7201,36.18,17443400.0
2026-08-13,36.4184,36.6369,35.3657,35.9218,14447900.0
2026-08-14,35.8722,36.1701,35.4551,35.5842,8958800.0
2026-08-17,34.7996,35.177,34.303,34.4421,10151500.0
2026-08-18,34.8492,35.6438,34.3229,34.4818,7792600.0
2026-08-19,34.7301,35.7927,34.6208,35.1968,6823600.0
2026-08-20,34.7797,34.9386,34.3527,34.8095,7545500.0
2026-08-21,34.9486,35.1373,34.5215,34.74,8636800.0
2026-08-24,34.72,36.11,34.72,35.92,9425200.0
2026-08-25,35.8,36.0,35.36,35.38,7641900.0
2026-08-26,35.34,35.51,34.8,35.01,5805400.0
2026-08-27,34.66,35.04,34.45,34.7,7609000.0
2026-08-31,34.61,35.51,34.33,34.9,9000500.0
2026-09-01,34.85,35.495,34.755,34.91,2184397.0
